id,full name,position
1,D.J. Foster,RB
2,Larry Fitzgerald,WR
3,Maxx Williams,TE
4,Hakeem Butler,WR
5,Christian Kirk,WR
6,Kyler Murray,QB
7,Andy Isabella,WR
8,Michael Crabtree,WR
9,T.J. Logan,RB
10,Charles Clay,TE
11,Pharoh Cooper,WR
12,Darrell Daniels,TE
13,Ricky Seals-Jones,WR
14,Charles Kanoff,QB
15,Chad Williams,WR
16,KeeSean Johnson,WR
17,Brett Hundley,QB
18,Trent Sherfield,WR
19,Caleb Wilson,TE
20,Chase Edmonds,RB
21,Damiere Byrd,WR
22,David Johnson,RB
23,Mohamed Sanu,WR
24,Danny Etling,QB
25,Austin Hooper,TE
26,Russell Gage,WR
27,Justin Hardy,WR
28,Christian Blake,WR
29,Matt Simms,QB
30,Matt Ryan,QB
31,Marcus Green,WR
32,Devin Gray,WR
33,Qadree Ollison,RB
34,Alex Gray,TE
35,Ito Smith,RB
36,Jaeden Graham,TE
37,Devonta Freeman,RB
38,Brian Hill,RB
39,Matt Schaub,QB
40,Logan Paulsen,TE
41,Calvin Ridley,WR
42,Luke Stocker,TE
43,Ricky Ortiz,FB
44,Julio Jones,WR
45,Kurt Benkert,QB
46,Kenjon Barner,RB
47,Robert Griffin,QB
48,Mark Ingram,RB
49,Michael Floyd,WR
50,Gus Edwards,RB
51,Seth Roberts,WR
52,Tyler Ervin,RB
53,Mark Andrews,TE
54,Trace McSorley,QB
55,Willie Snead,WR
56,Chris Moore,WR
57,Justice Hill,RB
58,Hayden Hurst,TE
59,Jaleel Scott,WR
60,Lamar Jackson,QB
61,De'Lance Turner,RB
62,Marquise Brown,WR
63,Nick Boyle,TE
64,Miles Boykin,WR
65,Kenneth Dixon,RB
66,Christopher Ezeala,FB
67,Joe Callahan,QB
68,Devin Singletary,RB
69,John Brown,WR
70,Tyler Kroft,TE
71,Duke Williams,WR
72,Isaiah McKenzie,WR
73,Cam Phillips,WR
74,Frank Gore,RB
75,Kyle Carter,TE
76,Robert Foster,WR
77,T.J. Yeldon,RB
78,Tommy Sweeney,TE
79,LeSean McCoy,RB
80,Ray-Ray McCloud,WR
81,Patrick DiMarco,FB
82,Dawson Knox,TE
83,Lee Smith,TE
84,Josh Allen,QB
85,Cole Beasley,WR
86,Jason Croom,TE
87,Matt Barkley,QB
88,Andre Roberts,WR
89,Senorise Perry,RB
90,Zay Jones,WR
91,Keith Towbridge,TE
92,Marcus Murphy,RB
93,Victor Bolden,WR
94,Terry Godwin,WR
95,Jarius Wright,WR
96,Taylor Heinicke,QB
97,Jason Vander Laan,TE
98,Temarrick Hemingway,TE
99,Andre Levrone,WR
100,Cameron Artis-Payne,RB
101,DeAndrew White,WR
102,Curtis Samuel,WR
103,Will Grier,QB
104,Reggie Bonnafon,RB
105,Rashad Ross,WR
106,Ian Thomas,TE
107,Greg Olsen,TE
108,Christian McCaffrey,RB
109,Chris Hogan,WR
110,Alex Armah,FB
111,Kyle Allen,QB
112,Chris Manhertz,TE
113,Cam Newton,QB
114,Aldrick Robinson,WR
115,D.J. Moore,WR
116,Torrey Smith,WR
117,Jaydon Mickens,WR
118,Jordan Scarlett,RB
119,Marvin Hall,WR
120,David Montgomery,RB
121,Riley Ridley,WR
122,"Kerrith Whyte, Jr.",RB
123,Javon Wims,WR
124,Allen Robinson,WR
125,Adam Shaheen,TE
126,Chase Daniel,QB
127,Jordan Williams-Lambert,WR
128,Mike Davis,RB
129,Cordarrelle Patterson,WR
130,Ben Braunecker,TE
131,Taquan Mizzell,RB
132,Mitchell Trubisky,QB
133,Anthony Miller,WR
134,Tanner Gentry,WR
135,Taylor Gabriel,WR
136,Trey Burton,TE
137,Tyler Bray,QB
138,Tarik Cohen,RB
139,Ryan Nall,RB
140,C.J. Uzomah,TE
141,Jeff Driskel,QB
142,Quinton Flowers,HB
143,Alex Erickson,WR
144,Hunter Sharp,WR
145,Cody Core,WR
146,Joe Mixon,RB
147,Mason Schreck,TE
148,Drew Sample,TE
149,Trayveon Williams,RB
150,Josh Malone,WR
151,Jordan Franks,HB
152,Rodney Anderson,RB
153,Auden Tate,WR
154,Andy Dalton,QB
155,Cethan Carter,TE
156,A.J. Green,WR
157,Moritz Boehringer,WR
158,Tyler Eifert,TE
159,Ryan Finley,QB
160,Clark Harris,TE
161,Giovani Bernard,RB
162,John Ross,WR
163,Tyler Boyd,WR
164,Tony Lippett,WR
165,Demetrius Harris,TE
166,Rashard Higgins,WR
167,Jaelen Strong,WR
168,Kareem Hunt,RB
169,Drew Stanton,QB
170,Baker Mayfield,QB
171,Joe Kerridge,FB
172,Braxton Miller,WR
173,Dontrell Hilliard,RB
174,Nick Chubb,RB
175,Odell Beckham,WR
176,Jarvis Landry,WR
177,David Njoku,TE
178,Derrick Willies,WR
179,Pharaoh Brown,TE
180,Damion Ratley,WR
181,Antonio Callaway,WR
182,Rico Gathers,TE
183,Damon Sheehy-Guiseppi,WR
184,Seth Devalve,TE
185,Garrett Gilbert,QB
186,Dak Prescott,QB
187,Ryan Yurachek,FB
188,Dalton Schultz,TE
189,Codey McElroy,WR
190,Amari Cooper,WR
191,Darius Jackson,RB
192,Jason Witten,TE
193,Mike Weber,RB
194,Alfred Morris,RB
195,Cooper Rush,QB
196,Tony Pollard,RB
197,Randall Cobb,WR
198,Mike White,QB
199,Orson Charles,TE
200,Jordan Chunn,RB
201,Tavon Austin,WR
202,Ezekiel Elliott,RB
203,Jamize Olawale,FB
204,Reggie Davis,WR
205,Marcus Lucas,WR
206,Blake Jarwin,TE
207,Jameill Showers,QB
208,Cedrick Wilson,WR
209,Lance Lenoir,WR
210,Michael Gallup,WR
211,C.J. Goodwin,WR
212,Devin Smith,WR
213,Noah Brown,WR
214,DaeSean Hamilton,WR
215,River Cracraft,WR
216,Royce Freeman,RB
217,Jake Butt,TE
218,Steven Dunbar,WR
219,Kevin Hogan,QB
220,Drew Lock,QB
221,Devontae Booker,RB
222,Jeff Heuerman,TE
223,Bug Howard,WR
224,Tim Patrick,WR
225,Noah Fant,TE
226,Joe Flacco,QB
227,Courtland Sutton,WR
228,David Williams,RB
229,Juwann Winfree,WR
230,Emmanuel Sanders,WR
231,Fred Brown,WR
232,Andy Janovich,FB
233,Troy Fumagalli,TE
234,Phillip Lindsay,RB
235,Khalfani Muhammad,RB
236,Theo Riddick,RB
237,Nick Williams,WR
238,David Fales,QB
239,Austin Traylor,TE
240,Jerome Cunningham,TE
241,Mark Thompson,RB
242,Brandon Powell,WR
243,Isaac Nauta,TE
244,C.J. Anderson,RB
245,T.J. Hockenson,TE
246,Tommylee Lewis,WR
247,Jordan Lasley,WR
248,Chris Lacy,WR
249,Deontez Alexander,WR
250,Travis Fulgham,WR
251,Danny Amendola,WR
252,Zach Zenner,RB
253,Matthew Stafford,QB
254,Jesse James,TE
255,Nick Bawden,RB
256,Josh Johnson,QB
257,Tyron Johnson,WR
258,Jermaine Kearse,WR
259,Kerryon Johnson,RB
260,Marvin Jones,WR
261,Kenny Golladay,WR
262,Andy Jones,WR
263,Tom Savage,QB
264,Tommy Bohanon,FB
265,Tim Boyle,QB
266,Equanimeous St. Brown,WR
267,Jimmy Graham,TE
268,Pharoah McKever,TE
269,Dexter Williams,RB
270,Marcedes Lewis,TE
271,Marquez Valdes-Scantling,WR
272,Jake Kumerow,WR
273,Malcolm Johnson,FB
274,Keith Ford,RB
275,Teo Redding,WR
276,Tra Carson,HB
277,Trevor Davis,WR
278,Davante Adams,WR
279,Aaron Jones,RB
280,Evan Baylis,TE
281,J'Mon Moore,WR
282,DeShone Kizer,QB
283,Jamaal Williams,RB
284,Danny Vitale,FB
285,Geronimo Allison,WR
286,Allen Lazard,WR
287,Aaron Rodgers,QB
288,Robert Tonyan,TE
289,Jace Sternberger,TE
290,Josh Ferguson,RB
291,Deshaun Watson,QB
292,Gregory Howell,RB
293,Jordan Thomas,TE
294,Jordan Akins,TE
295,Duke Johnson,RB
296,Cullen Gillaspia,RB
297,Vyncint Smith,WR
298,Jerell Adams,TE
299,Isaac Whitney,WR
300,Keke Coutee,WR
301,Deante Burton,WR
302,DeAndre Carter,WR
303,Kahale Warring,TE
304,A.J. McCarron,QB
305,Darren Fells,TE
306,Lamar Miller,RB
307,Joe Webb,WR
308,Will Fuller,WR
309,DeAndre Hopkins,WR
310,Steven Mitchell,WR
311,Jester Weah,WR
312,Taiwan Jones,RB
313,T.Y. Hilton,WR
314,Chester Rogers,WR
315,Daurice Fountain,WR
316,Deon Cain,WR
317,Gabe Holmes,TE
318,Jonathan Williams,RB
319,Andrew Luck,QB
320,Jack Doyle,TE
321,Nyheim Hines,RB
322,Spencer Ware,RB
323,Ross Travis,TE
324,Phillip Walker,QB
325,Eric Ebron,TE
326,Charcandrick West,RB
327,Jacoby Brissett,QB
328,Parris Campbell,WR
329,Jordan Veasy,WR
330,Devin Funchess,WR
331,Marlon Mack,RB
332,Mo Alie-Cox,TE
333,Krishawn Hogan,WR
334,Steve Ishmael,WR
335,Chad Kelly,QB
336,D'Onta Foreman,RB
337,Billy Brown,TE
338,Marcus Johnson,WR
339,Jordan Wilkins,RB
340,Zach Pascal,WR
341,Roger Lewis,WR
342,Alex McGough,QB
343,Marqise Lee,WR
344,Chris Conley,WR
345,Thomas Rawls,RB
346,Ben Koyack,TE
347,Elijah Hood,RB
348,Devante Mays,RB
349,Gardner Minshew II,QB
350,James O'Shaughnessy,TE
351,Dede Westbrook,WR
352,Josh Oliver,TE
353,Keelan Cole,WR
354,Tre McBride,WR
355,C.J. Board,WR
356,Nick Foles,QB
357,Ryquell Armstead,RB
358,Terrelle Pryor,QB
359,Quadree Henderson,WR
360,Geoff Swaim,TE
361,Roc Thomas,RB
362,DJ Chark,WR
363,Alfred Blue,RB
364,Leonard Fournette,RB
365,Donnie Ernsberger,TE
366,Demarcus Robinson,WR
367,Marcus Kemp,WR
368,Manasseh Garner,TE
369,Carlos Hyde,RB
370,Blake Bell,TE
371,Deon Yelder,TE
372,Sammy Watkins,WR
373,Rashard Davis,WR
374,De'Anthony Thomas,RB
375,Darrel Williams,RB
376,Byron Pringle,WR
377,Mecole Hardman,WR
378,Damien Williams,RB
379,Tyreek Hill,WR
380,Patrick Mahomes,QB
381,Jalen Tolliver,WR
382,Darwin Thompson,RB
383,Gehrig Dieter,WR
384,Chad Henne,QB
385,Anthony Sherman,RB
386,Travis Kelce,TE
387,David Wells,TE
388,Chase Litton,QB
389,Davon Grayson,WR
390,Easton Stick,QB
391,Troymaine Pope,RB
392,Detrez Newsome,RB
393,Austin Ekeler,RB
394,Sean Culkin,TE
395,Cardale Jones,QB
396,Mike Williams,WR
397,Philip Rivers,QB
398,Andre Patton,WR
399,Dontrelle Inman,WR
400,Hunter Henry,TE
401,Tyrod Taylor,QB
402,Jordan Smallwood,WR
403,Travis Benjamin,WR
404,Geremy Davis,WR
405,Andre Williams,RB
406,Vince Mayle,WR
407,Keenan Allen,WR
408,Dylan Cantrell,WR
409,Melvin Gordon,RB
410,Justice Liggins,WR
411,Derek Watt,FB
412,Andrew Vollert,TE
413,Artavis Scott,WR
414,Malachi Dupre,WR
415,Justin Jackson,RB
416,Brandin Cooks,WR
417,Tyler Higbee,TE
418,Mike Thomas,WR
419,Todd Gurley,RB
420,Josh Reynolds,WR
421,Jojo Natson,WR
422,John Kelly,RB
423,Malcolm Brown,RB
424,Cooper Kupp,WR
425,Darrell Henderson,RB
426,Johnny Mundt,TE
427,Jared Goff,QB
428,Justin Davis,RB
429,Blake Bortles,QB
430,KhaDarel Hodge,WR
431,Robert Woods,WR
432,Gerald Everett,TE
433,Austin Proehl,WR
434,Brandon Allen,QB
435,Nick O'Leary,TE
436,Jake Rudock,QB
437,Kalen Ballage,RB
438,Jakeem Grant,WR
439,Kenneth Farrow,RB
440,Kenyan Drake,RB
441,Isaiah Ford,WR
442,Ricardo Louis,WR
443,Mike Gesicki,TE
444,Saeed Blacknall,WR
445,Ryan Fitzpatrick,QB
446,Dwayne Allen,TE
447,Brice Butler,WR
448,Josh Rosen,QB
449,Durham Smythe,TE
450,Mark Walton,RB
451,Allen Hurns,WR
452,Myles Gaskin,RB
453,Clive Walford,TE
454,Albert Wilson,WR
455,Chandler Cox,RB
456,Kenny Stills,WR
457,DeVante Parker,WR
458,Kirk Cousins,QB
459,Kyle Rudolph,TE
460,Cole Hikutini,TE
461,Tyler Conklin,TE
462,C.J. Ham,RB
463,De'Angelo Henderson,RB
464,Brandon Zylstra,WR
465,Adam Thielen,WR
466,Sean Mannion,QB
467,Jordan Taylor,WR
468,Chad Beebe,WR
469,Jeff Badet,WR
470,Laquon Treadwell,WR
471,Ameer Abdullah,RB
472,Stefon Diggs,WR
473,Dalvin Cook,RB
474,David Morgan,TE
475,Irv Smith Jr.,TE
476,Mike Boone,RB
477,Alexander Mattison,RB
478,Dillon Mitchell,WR
479,Olabisi Johnson,WR
480,Kyle Sloter,QB
481,James White,RB
482,James Develin,RB
483,Damoun Patterson,WR
484,Ryan Izzo,TE
485,Tom Brady,QB
486,Sony Michel,RB
487,N'Keal Harry,WR
488,Matt LaCosse,TE
489,Braxton Berrios,WR
490,Matthew Slater,WR
491,Phillip Dorsett,WR
492,Ben Watson,TE
493,Brian Hoyer,QB
494,Stephen Anderson,TE
495,Lance Kendricks,TE
496,Maurice Harris,WR
497,Damien Harris,RB
498,Julian Edelman,WR
499,Demaryius Thomas,WR
500,Jarrett Stidham,QB
501,Eric Saubert,TE
502,Brandon Bolden,RB
503,Cameron Meredith,WR
504,Rex Burkhead,RB
505,Josh Gordon,WR
506,Michael Thomas,WR
507,Austin Carr,WR
508,Jacquizz Rodgers,RB
509,Latavius Murray,RB
510,Ted Ginn,WR
511,Garrett Griffin,TE
512,Kerwynn Williams,RB
513,Matthew Dayes,RB
514,Zach Line,FB
515,Taysom Hill,QB
516,A.J. Derby,TE
517,Josh Hill,TE
518,Michael Burton,FB
519,Keith Kirkwood,WR
520,Dwayne Washington,RB
521,Teddy Bridgewater,QB
522,Alvin Kamara,RB
523,Cyril Grayson,WR
524,Dan Arnold,WR
525,Javorius Allen,RB
526,Alize Mack,TE
527,Drew Brees,QB
528,Jared Cook,TE
529,Justin Hardee,WR
530,Michael Hoomanawanui,TE
531,Tre'Quan Smith,WR
532,Travin Dural,WR
533,Simmie Cobbs,WR
534,Amba Etta-Tawo,WR
535,Garrett Dickerson,TE
536,Cody Latimer,WR
537,Eli Manning,QB
538,Brittan Golden,WR
539,Alex Tanney,QB
540,Sterling Shepard,WR
541,Elijhaa Penny,RB
542,Daniel Jones,QB
543,Corey Coleman,WR
544,Rhett Ellison,FB
545,Alonzo Russell,WR
546,Golden Tate,WR
547,Paul Perkins,RB
548,Darius Slayton,WR
549,Saquon Barkley,RB
550,Russell Shepard,WR
551,Wayne Gallman,RB
552,Bennie Fowler,WR
553,Evan Engram,TE
554,Kyle Lauletta,QB
555,Rod Smith,RB
556,Scott Simonson,TE
557,T.J. Jones,WR
558,Ryan Griffin,TE
559,Luke Falk,QB
560,Deonte Thompson,WR
561,Daniel Brown,TE
562,Tim White,WR
563,Deontay Burnett,WR
564,Josh Bellamy,WR
565,Bucky Hodges,TE
566,Eric Tomlinson,TE
567,Trevor Siemian,QB
568,Le'Veon Bell,RB
569,Elijah McGuire,RB
570,Quincy Enunwa,WR
571,Davis Webb,QB
572,Charone Peake,WR
573,Robby Anderson,WR
574,Jamison Crowder,WR
575,Trevon Wesco,TE
576,Chris Herndon,TE
577,Trenton Cannon,RB
578,JJ Jones,WR
579,Sam Darnold,QB
580,Bilal Powell,RB
581,Mack Brown,RB
582,Brandon Barnes,TE
583,Darren Waller,WR
584,Hunter Renfrow,WR
585,Josh Jacobs,RB
586,James Butler,RB
587,Rico Gafford,WR
588,Isaiah Crowell,RB
589,DeAndre Washington,RB
590,Paul Butler,TE
591,Derek Carrier,WR
592,Dwayne Harris,WR
593,Doug Martin,RB
594,Jalen Richard,RB
595,Tyrell Williams,WR
596,Antonio Brown,WR
597,Nathan Peterman,QB
598,Mike Glennon,QB
599,Foster Moreau,TE
600,Keon Hatcher,WR
601,Ryan Grant,WR
602,Derek Carr,QB
603,Marcell Ateman,WR
604,Luke Willson,TE
605,JJ Nelson,WR
606,Dallas Goedert,TE
607,JJ Arcega-Whiteside,WR
608,Josh Adams,RB
609,Alshon Jeffery,WR
610,Carson Wentz,QB
611,Zach Ertz,TE
612,Charles Johnson,WR
613,Corey Clement,RB
614,Will Tye,TE
615,Donnel Pumphrey,RB
616,Cody Kessler,QB
617,Mack Hollins,WR
618,Alex Ellis,TE
619,Joshua Perkins,TE
620,Richard Rodgers,TE
621,Boston Scott,RB
622,Miles Sanders,RB
623,Marken Michel,WR
624,Josh McCown,QB
625,Jordan Howard,RB
626,Wendell Smallwood,RB
627,DeSean Jackson,WR
628,Carlton Agudosi,WR
629,Clayton Thorson,QB
630,Darren Sproles,RB
631,Nelson Agholor,WR
632,Nate Sudfeld,QB
633,JuJu Smith-Schuster,WR
634,Donte Moncrief,WR
635,Jaylen Samuels,RB
636,Trey Griffey,WR
637,Tevin Jones,WR
638,Malik Williams,RB
639,James Washington,WR
640,Christian Scotland-Williamson,TE
641,Trey Edmunds,RB
642,Mason Rudolph,QB
643,Brandon Reilly,WR
644,Ben Roethlisberger,QB
645,Kevin Rader,TE
646,Diontae Spencer,WR
647,Zach Gentry,TE
648,Diontae Johnson,WR
649,Ryan Switzer,WR
650,Vance McDonald,TE
651,Johnny Holton,WR
652,Roosevelt Nix,FB
653,James Conner,RB
654,Eli Rogers,WR
655,Joshua Dobbs,QB
656,Xavier Grimble,TE
657,Jaron Brown,WR
658,Russell Wilson,QB
659,Gary Jennings Jr.,WR
660,J.T. Barrett,QB
661,Geno Smith,QB
662,J.D. McKissic,WR
663,Tyler Lockett,WR
664,Nick Vannett,TE
665,Travis Homer,RB
666,John Ursua,WR
667,Will Dissly,TE
668,D.K. Metcalf,WR
669,David Moore,WR
670,Paxton Lynch,QB
671,Rashaad Penny,RB
672,Amara Darboh,WR
673,Malik Turner,WR
674,Ed Dickson,TE
675,Wes Saxton,TE
676,Jacob Hollister,TE
677,Keenan Reynolds,RB
678,Bo Scarbrough,RB
679,C.J. Prosise,RB
680,Chris Carson,RB
681,Jordan Matthews,WR
682,George Kittle,TE
683,Kendrick Bourne,WR
684,Matt Breida,RB
685,Nick Mullens,QB
686,Raheem Mostert,RB
687,Deebo Samuel,WR
688,Kaden Smith,TE
689,Jimmy Garoppolo,QB
690,Jeff Wilson,RB
691,Kyle Nelson,TE
692,Tevin Coleman,RB
693,Richie James,WR
694,C.J. Beathard,QB
695,Dante Pettis,WR
696,Jalen Hurd,WR
697,Garrett Celek,TE
698,Marquise Goodwin,WR
699,Ross Dwelley,TE
700,Levine Toilolo,TE
701,Kyle Juszczyk,FB
702,Jerick McKinnon,RB
703,Chris Thompson,WR
704,Trent Taylor,WR
705,Andre Ellington,RB
706,Blaine Gabbert,QB
707,Scott Miller,WR
708,Jordan Leggett,TE
709,Ryan Griffin,QB
710,O.J. Howard,TE
711,Peyton Barber,RB
712,Jesus Wilson,WR
713,Tanner Hudson,TE
714,Mike Evans,WR
715,Scott Orndoff,TE
716,K.J. Brent,WR
717,Bryant Mitchell,WR
718,Cameron Brate,TE
719,Chris Godwin,WR
720,Jameis Winston,QB
721,Justin Watson,WR
722,Antony Auclair,TE
723,Breshad Perriman,WR
724,Dare Ogunbowale,RB
725,Ronald Jones,RB
726,Adam Humphries,WR
727,Cole Wick,TE
728,Darius Jennings,WR
729,Anthony Firkser,TE
730,Marcus Mariota,QB
731,Jeremy McNichols,RB
732,A.J. Brown,WR
733,Akeem Hunt,RB
734,Tanner McEvoy,WR
735,MyCole Pruitt,TE
736,Delanie Walker,TE
737,Cameron Batson,WR
738,Ryan Tannehill,QB
739,Tajae Sharpe,WR
740,Kalif Raymond,WR
741,Derrick Henry,RB
742,Corey Davis,WR
743,Dion Lewis,RB
744,Logan Woodside,QB
745,Jonnu Smith,TE
746,Ryan Hewitt,FB
747,Dalyn Dawkins,RB
748,David Fluellen,RB
749,Taywan Taylor,WR
750,DeAngelo Yancey,WR
751,Chris Thompson,RB
752,Matt Flanagan,TE
753,Jordan Reed,TE
754,Darvin Kidsy,WR
755,Jeremy Sprinkle,TE
756,Robert Davis,WR
757,Quinton Dunbar,WR
758,Terry McLaurin,WR
759,Shaun Wilson,RB
760,Vernon Davis,TE
761,Trey Quinn,WR
762,Paul Richardson,WR
763,Josh Doctson,WR
764,Brian Quick,WR
765,Cam Sims,WR
766,Kelvin Harmon,WR
767,Samaje Perine,RB
768,Dwayne Haskins,QB
769,Adrian Peterson,RB
770,Byron Marshall,RB
771,Jehu Chesson,WR
772,Colt McCoy,QB
773,J.P. Holtz,TE
774,Alex Smith,QB
775,Case Keenum,QB
776,Derrius Guice,RB
777,Bryce Love,RB
778,Josh Woodrum,QB